<?xml version="1.0" encoding="UTF-8"?>
<project xmlns="http://www.netbeans.org/ns/project/1">
    <type>org.netbeans.modules.php.project</type>
    <configuration>
        <data xmlns="http://www.netbeans.org/ns/php-project/1">
            <name>IntergratedProject</name>
        </data>
        <spellchecker-wordlist xmlns="http://www.netbeans.org/ns/spellchecker-wordlist/1">
            <word>bsbdsbnsdbnbsbsdbsdbsdbnsbnsbdnsdbsdbnsbnsdbndsbnsbndsbnsdbnsdb</word>
            <word>facebook</word>
            <word>HIV</word>
            <word>Iqilima</word>
            <word>nmsbnsbsbsdbndsnbsbnsdbnsd</word>
            <word>nmsbnsbsbsdbndsnbsbnsdbnsddsdndsnmdsmnsdnsdsss</word>
            <word>nmsbnsbsbsdbndsnbsbnsdbnsddsdndsnmdsmnsdnsdssssjhshdhsdhshdshdhs</word>
            <word>NPO</word>
            <word>Philipi</word>
            <word>vidoe</word>
        </spellchecker-wordlist>
    </configuration>
</project>
